,orig,target,INV,target,ts,SIB,target,ts
0,Romanian Gymnasts Edge Ahead of U.S. Women  ATHENS (Reuters) - Daniela Sofronie displayed all her  athleticism to edge Romania ahead of the United States in the  Olympic women's gymnastics team qualifying Sunday.,1,Romanian Gymnasts Edge Ahead of U.S. Women  Lanea (Johnie) - Aline Hamann displayed all her  athleticism to edge Romania ahead of the United States in the  Olympic women's gymnastics team qualifying Synday.,1,"['ChangeName', 'RandomSwapQwerty']","Drop the mouse, use your nose Canadian inventor Dmitry Gorodnichy has developed a new method of computer input: the Nouse (from  quot;nose as mouse quot;). b""Romanian Gymnasts Edge Ahead of U.S. Women  ATHENS (Reuters) - Daniela Sofronie displayed all her  athleticism to edge Romania ahead of the United States in the  Olympic women's gymnastics team qualifying Sunday. Similar to a standard mouse, the Nouse directs the computer cursor and gives left button and right button commands.""","[0.0, 0.4389233954451346, 0.0, 0.5610766045548654]",SentMix
1,"Electronic Arts faces overtime lawsuit Game giant sued for failing to pay overtime. Meanwhile, blog sparks flurry of complaints about work conditions in game industry.",3,"Electronic Arts show quantity proceeding creature star challenge for spoil to do overtime. Meanwhile, journal create move of disorder about business act in instrumentality industry. ü§Ωüèø‚Äç‚ôÄÔ∏è",1,"['AddPositiveEmoji', 'ChangeHypernym']","Meanwhile, blog sparks flurry of complaints about work conditions in game industry. b'Electronic Arts faces overtime lawsuit Game giant sued for failing to pay overtime. Grappling grabs WWE flare Wrestling ATHENS -- The Ano Liossia Wrestling Hall looked more like Madison Square Garden yesterday when Olympic freestyle wrestling took on more of a WWE flavour.'","[0.0, 0.5308988764044944, 0.0, 0.4691011235955056]",SentMix
2,"Intel Wins Ruling A federal judge last week denied a request by Advanced Micro Devices to order Intel to turn over company documents to the European Commission, according to a report from the Associated Press.",3,"Intel Wins Ruling A federal judge last week denied a request by Advanced Micro Devices t@ order Intel to turn over company documents to the European Commission, according to a report from the Associated Press. ‚òπ",0,"['RandomCharSubst', 'AddNegativeEmoji']","AOL To Offer RSA Security #39;s Password Protection com. b'Intel Wins Ruling A federal judge last week denied a request by Advanced Micro Devices to order Intel to turn over company documents to the European Commission, according to a report from the Associated Press. As password breaking mischief by hackers, phishers, and spoofers continues to grow in the consumer-PC space, AOL, this week, will offer RSA Security Inc.'","[0.0, 0.0, 0.0, 1.0]",SentMix
3,Spaniards can lift Liverpool: Benitez Liverpool manager Rafael Benitez insists his new Spanish signings will help the Reds to become contenders for the English Premiership crown.,1,Spaniards can lift Liverpool: Liverpool manager Rafael Benitez his new Bolivian signings will help the Norwalk to become contenders for the English Premiership crown.,1,"['WordDeletion', 'ChangeLocation']","b'Spaniards can lift Liverpool: Benitez Liverpool manager Rafael Benitez insists his new Spanish signings will help the Reds to become contenders for the English Premiership crown. Oil Slips But Holds Over  #36;53 (Reuters) Reuters - U.S. oil prices fell for a second session\\on Tuesday on worries that high energy costs may crimp economic\\growth, but crude remained firmly planted above  #36;50 a barrel on\\persistent fears of a winter supply crunch.'","[0.0, 0.39732142857142855, 0.6026785714285714, 0.0]",SentMix
4,Sprewell suspended for one game for vulgarity directed at female &lt;b&gt;...&lt;/b&gt; Latrell Sprewell was suspended for one game by the NBA on Tuesday for yelling a sexual vulgarity at a female fan during a game. The Minnesota Timberwolves swingman #39;s comment to a heckler was picked up by a ,1,Sprewell suspended for one game for vulgarity directed at female &lt;b&gt;...&lt;/b&gt; Latrell Sprewell was suspended for one game by the NBA on Tuesday for yelling a sexual vulgarity at a female fan during a game. The Minnesota Timberwolves swingman #39;s comment to a heckler was picked up by a üîí,1,"['RemoveNegativeEmoji', 'AddPositiveEmoji']","The Minnesota Timberwolves swingman #39;s comment to a heckler was picked up by a  Stocks Up Despite Sluggish GDP Reading NEW YORK - A sluggish gross domestic product reading was nonetheless better than expected, prompting investors to send stocks slightly higher Friday on hopes that the economic slowdown would not be as bad as first thought. b'Sprewell suspended for one game for vulgarity directed at female &lt;b&gt;...&lt;/b&gt; Latrell Sprewell was suspended for one game by the NBA on Tuesday for yelling a sexual vulgarity at a female fan during a game. The 2.8 percent GDP growth in the second quarter, a revision from the 3 percent preliminary figure reported in July, is a far cry from the 4.5 percent growth in the first quarter...'","[0.5994623655913979, 0.40053763440860213, 0.0, 0.0]",SentMix
5,"Musharraf Hails Talks with Indian PM Pakistan #39;s President has hailed his first face-to-face meeting with India #39;s Prime Minister, saying it will help normalize Indo-Pakistani relations.",0,"Musharraf Hails with Indian PM President has hailed his first face-to-face India #39;s Prime Minister, sayin it will help normalize",1,"['WordDeletion', 'RandomCharDel']","In a Wife's Request at Her Husband's Deathbed, Ethics Are an Issue In the midst of tragedy, a wife asks if it is possible to retrieve and store some of her husband's sperm after his death."" b""Musharraf Hails Talks with Indian PM Pakistan #39;s President has hailed his first face-to-face meeting with India #39;s Prime Minister, saying it will help normalize Indo-Pakistani relations.","[0.5052631578947369, 0.0, 0.0, 0.49473684210526314]",SentMix
6,"Oil Slips But Holds Over  #36;53 (Reuters) Reuters - U.S. oil prices fell for a second session\on Tuesday on worries that high energy costs may crimp economic\growth, but crude remained firmly planted above  #36;50 a barrel on\persistent fears of a winter supply crunch.",2,"paint Slips But render Over #36;53 (Reuters) Reuters - U.S. molecule cost move for a second session\on Tuesday on emotion that high activeness possession may wave economic\growth, but supermolecule be firmly protect above #36;50 a passage on\persistent feeling of a period amount crunch.",1,"['RandomSwap', 'ChangeHypernym']","b'Oil Slips But Holds Over  #36;53 (Reuters) Reuters - U.S. oil prices fell for a second session\\on Tuesday on worries that high energy costs may crimp economic\\growth, but crude remained firmly planted above  #36;50 a barrel on\\persistent fears of a winter supply crunch. Chargers sign Rivers for 6 years CARSON, Calif. - Rookie quarterback Phillip Rivers ended his lengthy holdout, signing a six-year contract with the San Diego Chargers on Monday night.'","[0.0, 0.4039735099337748, 0.5960264900662252, 0.0]",SentMix
7,"Genesis Space Capsule Crashes Into Desert DUGWAY PROVING GROUND, Utah - The Genesis space capsule, which had orbited the sun for more than three years in an attempt to find clues to the origin of the solar system, crashed to Earth on Wednesday after its parachute failed to deploy.    It wasn't immediately known whether cosmic samples it was carrying back as part of a six-year, \$260 million project had been destroyed...",0,"Genesis Capsule wrap Into Desert DUGWAY PROVING GROUND, Utah The Genesis capsule, which retrograde the sunburst for than three eon in an to instantiate mark to the head of the solar system, ditch to on Wednesday its parasail whiff to deploy. It whether cosmic it step as posterior a six-year, \$260 million operation had destroyed...",0,"['ChangeHyponym', 'WordDeletion']","It wasn't immediately known whether cosmic samples it was carrying back as part of a six-year, \\$260 million project had been destroyed... TV rights wrangle threatens India v Australia coverage A major wrangle over TV rights for Indian cricket is threatening to mar the build-up to a mouth-watering home test series against Australia next month."" b""Genesis Space Capsule Crashes Into Desert DUGWAY PROVING GROUND, Utah - The Genesis space capsule, which had orbited the sun for more than three years in an attempt to find clues to the origin of the solar system, crashed to Earth on Wednesday after its parachute failed to deploy.","[0.6724960254372019, 0.3275039745627981, 0.0, 0.0]",SentMix
8,"Clinton recovering after heart op Former US President Bill Clinton's heart bypass operation is successful, say doctors in New York.",0,"Clinton perk after regard York. Former US President Bill Clinton's regard bypass distinction is successful, require resident in New op",0,"['RandomSwap', 'ChangeHyponym']","LA #39;s comeback strategy won #39;t work in playoffs ST. LOUIS -- The Dodgers absolutely love the team persona that they nurtured throughout the long regular season, the never-say-die, don #39;t-count-us-out, play- #39;til-the-end Comeback King thing."" b""Clinton recovering after heart op Former US President Bill Clinton's heart bypass operation is successful, say doctors in New York.","[0.34203655352480417, 0.6579634464751958, 0.0, 0.0]",SentMix
9,"Chargers sign Rivers for 6 years CARSON, Calif. - Rookie quarterback Phillip Rivers ended his lengthy holdout, signing a six-year contract with the San Diego Chargers on Monday night.",1,"Chargers sign Rivers for 6 years CARSON, Calif. - Rookie quarterback Phillip Rivers ended his lengthy holdout, signing a six-year contract with Comoran San Diego Chargers on Monday night. üòë",1,"['AddNegativeEmoji', 'ChangeLocation']","b'Chargers sign Rivers for 6 years CARSON, Calif. - Rookie quarterback Phillip Rivers ended his lengthy holdout, signing a six-year contract with the San Diego Chargers on Monday night. Mark Latham believes he can mount and argue such a position (though he has given no coherent reason).' Latham the brawler should know better HOW can you argue against attacking groups and individuals who want to plant bombs and kill innocent Australian civilians?","[0.5887640449438203, 0.41123595505617977, 0.0, 0.0]",SentMix
10,"Toshiba to Unveil HD DVD Laptops in 2005 -- Paper (Reuters) Reuters - Japan's Toshiba Corp. (6502.T) will\introduce laptop computers with HD DVD technology in December\2005, aiming to pressure rivals in the battle over formats for\next-generation DVDs, the Nihon Keizai daily said on Wednesday.",3,"Toshiba to Unveil HD DVD Laptops in 2005 -- Paper (Reuters) Reuters - Japan's Toshiba Corp. (6502.T) will\introduce laptop totalizer with HD DVD ergonomics in December\2005, overshoot to pinch world-beater in the strife over initialisation for\next-generation DVDs, the Nihon Keizai daily bridle on Wednesday. üôéüèΩ‚Äç‚ôÇÔ∏è",3,"['ChangeHyponym', 'AddNeutralEmoji']","Fear keeps Darfur people in camps or town, says UK minister (AFP) AFP - A junior British minister said that people living in camps after fleeing their villages because of conflict in Sudan's Darfur region lived in fear of leaving their temporary homes despite a greater presence now of aid workers."" b""Toshiba to Unveil HD DVD Laptops in 2005 -- Paper (Reuters) Reuters - Japan's Toshiba Corp. (6502.T) will\\introduce laptop computers with HD DVD technology in December\\2005, aiming to pressure rivals in the battle over formats for\\next-generation DVDs, the Nihon Keizai daily said on Wednesday.","[0.5033783783783784, 0.0, 0.0, 0.4966216216216216]",SentMix
11,KUEHNE AND SLUMAN MAKE FORWARD MOVE Hank Kuehne and Jeff Sluman combined to fire a 10-under-par 62 and join Steve Flesch and Justin Leonard at the head of the Franklin Templeton Shootout leaderboard.,1,KUEHNE AND SLUMAN MAKE ‚è≠ move Hank Kuehne and Jeff Sluman fuse to dismiss a 10-under-par lxii and üîó Steve Flesch and Justin Leonard at the üé´ of the Franklin Templeton Shootout leaderboard.,1,"['ChangeSynonym', 'Emojify']","Ocean Survey Finds New Fish, Tuna Migration Routes (Reuters) Reuters - A survey of the world's oceans is\\turning up more than two new species of fish a week and\\revealing huge trans-ocean migration routes by creatures from\\turtles to tuna, scientists say."" b""KUEHNE AND SLUMAN MAKE FORWARD MOVE Hank Kuehne and Jeff Sluman combined to fire a 10-under-par 62 and join Steve Flesch and Justin Leonard at the head of the Franklin Templeton Shootout leaderboard.","[0.0, 0.43832599118942733, 0.0, 0.5616740088105727]",SentMix
12,"Cassini Finds Two New Saturnian Moons Jet Propulsion Lab -- With eyes sharper than any that have peered at Saturn before, the Cassini spacecraft has uncovered two moons, which may be the smallest bodies so far seen around the ringed planet.     The moons are approximately 3 kilometers (2 miles) and 4 kilometers (2.5 miles) across -- smaller than the city of Boulder, Colorado...",3,"Cassini Finds Two New Saturnian Moons Jet Propulsion Lab -- With get-go flat than any that have peered at Saturn before, the Cassini spacecraft has cover two moons, which may be the big inconsistency so far disagree square the ringed planet.     The moons are approximately 3 kilometers (2 miles) and 4 kilometers (2.5 miles) lengthwise -- big than the city of Boulder, Colorado... That being said, I couldn't be happier.",1,"['ChangeAntonym', 'InsertPositivePhrase']","b'Cassini Finds Two New Saturnian Moons Jet Propulsion Lab -- With eyes sharper than any that have peered at Saturn before, the Cassini spacecraft has uncovered two moons, which may be the smallest bodies so far seen around the ringed planet. The moons are approximately 3 kilometers (2 miles) and 4 kilometers (2.5 miles) across -- smaller than the city of Boulder, Colorado... Finland and Sweden Draw 4-4 in Thriller in World Cup Hockey  HELSINKI (Reuters) - Finland and Sweden drew 4-4 draw in a  pulsating World Cup ice hockey match on Saturday that put the  Finns one step closer to a semi-final berth.'","[0.0, 0.375, 0.0, 0.625]",SentMix
13,"Santander Plans 3,000 Job Cuts at Abbey (AP) AP - Santander Central Hispano said Monday it expects to cut about 3,000 jobs at Abbey National as part of a cost-saving plan if its friendly takeover bid succeeds.",0,"Santander Plans 3,000 Monday Job Cuts at Abbey (AP) AP - Santander Central Hispano disorder Monday it obviate to dilate about 3,000 jobs at Abbey National as part of a cost-saving plan if its unfriendly takeover tautness succeeds.",1,"['ChangeAntonym', 'RandomInsertion']","Advocaat new Gladbach boss GERMAN side Borussia Monchengladbach today named former Dutch boss Dick Advocaat as their new manager. b'Santander Plans 3,000 Job Cuts at Abbey (AP) AP - Santander Central Hispano said Monday it expects to cut about 3,000 jobs at Abbey National as part of a cost-saving plan if its friendly takeover bid succeeds. Advocaat, 57, signed a contract with the five-time German champions until June 2007 and takes over from Holger Fach who was sacked six days ago.'","[0.432712215320911, 0.567287784679089, 0.0, 0.0]",SentMix
14,"Hungry Shaq out to feast in East Shaquille O #39;Neal #39;s weight is down, and his motivation is up. That #39;s a troublesome combination for opponents of the Miami Heat, who acquired O #39;Neal in an offseason trade ",1,"Hungry Shaq out to feast in East AN Shaquille O #39;Neal #39;s weight is down, and his motivation is up. That #39;s a troublesome combination for opponents of the Miami Heat, who acquired O #39;Neal in an offseason trade",1,"['RemoveNegativeEmoji', 'RandomInsertion']","That #39;s a troublesome combination for opponents of the Miami Heat, who acquired O #39;Neal in an offseason trade  AP: Iliescu Hopes Romania Will Join EU (AP) AP - Outgoing President Ion Iliescu, Romania's leader for most of the last 25 years, defended his record as leader, saying concerns about press freedoms are exaggerated and efforts to stamp out corruption are progressing."" b""Hungry Shaq out to feast in East Shaquille O #39;Neal #39;s weight is down, and his motivation is up.","[0.5486542443064182, 0.45134575569358176, 0.0, 0.0]",SentMix
15,"Symonds leads Aussies into last four LONDON, England (AFP) - Andrew Symonds blasted a quickfire 71 not out as Australia beat New Zealand by seven wickets in the ICC Champions Trophy here at the Oval yesterday.",1,"Symonds leads Aussies into last four LONDON, England (AFP) ü§∏üèº‚Äç‚ôÇ
 Andrew Symonds blasted a quickfire 71 not out as Australia beat New Zealand by 7Ô∏è‚É£ wickets in the ICC Champions Trophy here at the Oval yesterday.",1,"['Emojify', 'RandomCharInsert']","b""Symonds leads Aussies into last four LONDON, England (AFP) - Andrew Symonds blasted a quickfire 71 not out as Australia beat New Zealand by seven wickets in the ICC Champions Trophy here at the Oval yesterday. China's Jiang gives up top post Former Chinese President Jiang Zemin gives up his last official position as head of the military.""","[0.38165680473372776, 0.6183431952662722, 0.0, 0.0]",SentMix
16,"AT amp;T to cut 7,400 more jobs, take US\$11.4B writedown AT amp;T Corp., the former monopoly that once dominated the US phone market, said Thursday it will cut another 20 per cent of its workforce and suffer an asset writedown of US\$11.",2,"AT amp;T to fix 7,400 more jobs, feature US\$11.4B writedown AT Eritrean Corp., the former ascendancy that once influence the French part market, feature Thursday it will fix another integer per rupee of its organisation and perceive an quality writedown of Iceland.",0,"['ChangeLocation', 'ChangeHypernym']","In late morning trading, the Dow Jones industrial average fell 39.53, or 0.4 percent, to 10,069.65, one day after the index lost more than 135 points...' b'AT amp;T to cut 7,400 more jobs, take US\\$11.4B writedown AT amp;T Corp., the former monopoly that once dominated the US phone market, said Thursday it will cut another 20 per cent of its workforce and suffer an asset writedown of US\\$11. Unemployment, Oil News Keep Stocks Mixed NEW YORK - A slowdown in economic growth and oil prices hovering around \\$48 per barrel renewed fears of disappointing third-quarter earnings Thursday and kept stocks mixed.","[0.6085526315789473, 0.0, 0.39144736842105265, 0.0]",SentMix
17,"Gran Turismo 4 finished Sony Computer Entertainment held a party in Tokyo yesterday to celebrate the completion of Polyphony Digital #39;s long-awaited Gran Turismo 4, which is set for release in Japan - and, apparently, in North America - this December.",3,"Gran Turismo 4 start Sony Computer Entertainment flunk a party in Tokyo yesterday to allow the opening of Polyphony Digital #39;s long-awaited Gran Turismo 4, which is uprise for flunk in Japan - and, apparently, in North America - this December. üôè",0,"['AddPositiveEmoji', 'ChangeAntonym']","Schilling checks in with some heaters He wasn't  quot;Curt on the car phone quot; yesterday. b""Gran Turismo 4 finished Sony Computer Entertainment held a party in Tokyo yesterday to celebrate the completion of Polyphony Digital #39;s long-awaited Gran Turismo 4, which is set for release in Japan - and, apparently, in North America - this December. He was  quot;Curt in the hotel room, quot; taking part in an online chat with the Boston Dirt Dogs and calling WEEI to chat on  quot;The Big Show quot; before last night's Game 4.""","[0.0, 0.5171102661596958, 0.0, 0.4828897338403042]",SentMix
18,Tougher File-Trading Bill Moves Forward Controversial plan could force file swappers to face criminal charges.,3,"Tougher File-Trading Bill Moves Forwrad Controversial plan could force file swappers to face criminal charges. That said, I hated it.",0,"['RandomCharSwap', 'InsertNegativePhrase']","b'Tougher File-Trading Bill Moves Forward Controversial plan could force file swappers to face criminal charges. NASA Picks Swede Launch Site for Balloons STOCKHOLM, Sweden Aug. 24, 2004 - NASA has agreed to launch its largest scientific balloons from a site in northern Sweden, a spokesman said Tuesday.'","[0.0, 0.0, 0.0, 1.0]",SentMix
19,"Singer being moved to French jail French rock star Bertrand Cantat, jailed in Lithuania for killing his lover, is going home to serve his sentence.",0,"S—ñnger –¨ei’∏g not m–æ—µ–µd ùöùo Frenœ≤’∞ j…ë—ñ‚Öº F‚≤Öench ‚≤Öocùíå star Bertra’∏d Cant…ët, jailed —ñn L—ñthuania ùöèor ùíåilling h—ñs ‚Öº–æve‚≤Ö, —ñs going home t–æ s–µr—µ–µ his —ïentence.",1,"['AddNegation', 'HomoglyphSwap']","b'Singer being moved to French jail French rock star Bertrand Cantat, jailed in Lithuania for killing his lover, is going home to serve his sentence. Japanese team claims optical breakthrough TOKYO - Scientists from Fujitsu Ltd. and The University of Tokyo have developed a laser that is capable of maintaining a stable output over a wide temperature range at speeds and frequencies useful for optical communications, the research team said Friday. The device could enable the creation of optical networking equipment that is smaller, cheaper and consumes less power than current devices, the leader of the research team said.'","[0.23595505617977527, 0.0, 0.0, 0.7640449438202247]",SentMix
20,"Markets Quiet With GOP in New York The GOP convention came to New York last week and Wall Street did . . . well, not much. Many traders and money managers fled the city to avoid convention-related headaches.",2,"Markets Quiet With GOP in New York The GOP convention came to New York last week and Wall Street did . . . well, not much. Many traders and money managers fled the city to avoid convention-related headaches. üíÅüèº‚Äç‚ôÇ That said, I did not like it.",0,"['AddPositiveEmoji', 'InsertNegativePhrase']","Many traders and money managers fled the city to avoid convention-related headaches. b'Markets Quiet With GOP in New York The GOP convention came to New York last week and Wall Street did . Yukos raises oil reserve estimate MOSCOW Yukos has substantially increased the reserve estimates for its biggest subsidiary, one currently being appraised for sale by the government.' . well, not much. .","[0.0, 0.0, 1.0, 0.0]",SentMix
21,"Tiger Attacks 14-Year Old Boy, Handler At Fair ST. AUGUSTINE, Fla. -- A 14-year old boy and a tiger handler are recovering after being attacked by a 350-pound Siberian tiger at a county fair in Florida.",1,"Tiger Attacks 14-Year Old Boy, Handler At Fair ST. AUGUSTINE, Fla. -- A 14-year old Jnr and a tigress tamer are log-in after beingrattacked by a 350-pound Siberian tigress at a Wight bookfair in Florida.",1,"['RandomCharSubst', 'ChangeHyponym']","b'Tiger Attacks 14-Year Old Boy, Handler At Fair ST. AUGUSTINE, Fla. -- A 14-year old boy and a tiger handler are recovering after being attacked by a 350-pound Siberian tiger at a county fair in Florida. Give back our sacred heritage, Mr Blair Addis Ababa - Ethiopian campaigners pressed British Prime Minister Tony Blair to return sacred Ethiopian objects and ancient artefacts that were looted by British troops more than a century ago.'","[0.536697247706422, 0.463302752293578, 0.0, 0.0]",SentMix
22,"Tobacco Cos. Deny Smoking Conspiracy  WASHINGTON (Reuters) - A tobacco industry lawyer  acknowledged on Wednesday that some executives may have acted  wrongly, but said cigarette companies have never engaged in a  conspiracy to mislead the public about the dangers of smoking.",2,"Tobacco Cos. Deny Smoking Conspiracy WASHINGTON ingest (Reuters) - A tobacco industry lawyer acknowledged on Wednesday that some executives may have acted wrongly, but said cigarette companies have never engaged in a conspiracy to mislead the public about the dangers of smoking. That being said, I'm unhappy.",0,"['RandomInsertion', 'InsertNegativePhrase']","The Minnesota Timberwolves swingman #39;s comment to a heckler was picked up by a ' Sprewell suspended for one game for vulgarity directed at female &lt;b&gt;...&lt;/b&gt; Latrell Sprewell was suspended for one game by the NBA on Tuesday for yelling a sexual vulgarity at a female fan during a game. b'Tobacco Cos. Deny Smoking Conspiracy  WASHINGTON (Reuters) - A tobacco industry lawyer  acknowledged on Wednesday that some executives may have acted  wrongly, but said cigarette companies have never engaged in a  conspiracy to mislead the public about the dangers of smoking.","[0.0, 0.519163763066202, 0.4808362369337979, 0.0]",SentMix
23,Kidnappers Set to Free US Journalist A top aide to firebrand Shiite cleric Muqtada al-Sadr said today that kidnappers who abducted and threatened to kill a US journalist had promised to set him free. ,0,Kidnappers Set to Free US Journalist A top aide to firebrand Shiite cleric Muqtada al-Sadr said today that kidnappers who abducted and threatened to kill a US journalist had promised to set him free.  ‚òπ üßû‚Äç‚ôÄ,0,"['AddNegativeEmoji', 'AddNeutralEmoji']",b'Kidnappers Set to Free US Journalist A top aide to firebrand Shiite cleric Muqtada al-Sadr said today that kidnappers who abducted and threatened to kill a US journalist had promised to set him free. The 33-year-old Manchester United legend is said to have clashed with a 16-year-old boy near his A1.' Keane on assault charge Footballer Roy Keane is due to appear in court charged with assault and criminal damage.,"[0.48426150121065376, 0.5157384987893463, 0.0, 0.0]",SentMix
24,"Bama offense faces tough test Like most Alabama fans, injured quarterback Brodie Croyle will sweat out tonight #39;s LSU game at home. If, somehow, the Crimson Tide can knock off the 17th-ranked Tigers, Croyle ",1,"Bama defence back untoughened test dislike fewest AlFabama fans, unroll quarterback Brodie Croyle will sweat out tonight #39;s LSU game at home. If, somehow, the Crimson Tide can praise off the 17th-ranked Tigers, Croyle ",0,"['RandomCharInsert', 'ChangeAntonym']","If, somehow, the Crimson Tide can knock off the 17th-ranked Tigers, Croyle  Musharraf Hails Talks with Indian PM Pakistan #39;s President has hailed his first face-to-face meeting with India #39;s Prime Minister, saying it will help normalize Indo-Pakistani relations.' b'Bama offense faces tough test Like most Alabama fans, injured quarterback Brodie Croyle will sweat out tonight #39;s LSU game at home.","[0.4776119402985075, 0.5223880597014925, 0.0, 0.0]",SentMix
25,"Taskmaster Coach Brings  #39;Suffering #39; (and Medicine Ball) Wolf Wigo was 27, earning well into six figures as an options trader in San Francisco, when Ratko Rudic invaded his life. It was 2001, a year after the Sydney Olympics, where ",1,"Taskmaster Coach Brings  #39;Suffering #39; (and Medicine Ball) Wolf Wigo was 27, earning well into six figures as an options trader in San Francisco, when Ratko Rudic invaded his life. It was 2001, a year after the Sydney Olympics, where          DICTIONARY.COM THESAURUS.COM MEANINGS MEANINGS Emoji Slang Acronyms Pop Culture Memes Gender and Sexuality Mixed-up Meanings WORD GAMES WORD GAMES Quizzes Crossword Solver Scrabble Word Finder Words With Friends Cheat Daily Crossword Puzzle LEARN LEARN Online Tutors New Words Word Trends All About English Science and Technology Literature and Arts WRITING WRITING Grammar Coach Grammar Coach Pricing Writing Prompts Grammar 101 Writing Tips Ways to Say It Better WORD OF THE DAY WORD OF THE DAY Word of the Day Synonym of the Day Word of the Year Word List Account Settings Subscriptions Help Center Sign Out DEFINITIONS SYNONYMS Search MEANINGS MEANINGS Emoji Slang Acronyms Pop Culture Memes Gender and Sexuality Mixed-up Meanings WORD GAMES WORD GAMES Quizzes Crossword Solver Scrabble Word Finder Words With Friends Cheat Daily Crossword Puzzle LEARN LEARN Online Tutors New Words Word Trends All About English Science and Technology Literature and Arts WRITING WRITING Grammar Coach Grammar Coach Pricing Writing Prompts Grammar 101 Writing Tips Ways to Say It Better WORD OF THE DAY WORD OF THE DAY Word of the Day Synonym of the Day Word of the Year Top Definitions  Quizzes  Related Content  Examples  Explore Dictionary  British  Medical  defective [ dih- fek -tiv  ] SHOW IPA / d…™Ààf…õk t…™v  / PHONETIC RESPELLING SEE SYNONYMS FOR  defective ON THESAURUS.COM adjective having a defect or flaw; faulty; imperfect: a defective machine. Psychology . characterized by subnormal intelligence or behavior. Grammar . (of an inflected word or its inflection) lacking one or more of the inflected forms proper to most words of the same class in the language, as English must, which occurs only in the present tense. noun a defective person or thing. QUIZZES CAN YOU IDENTIFY LITERATURE‚ÄôS FAMOUS OPENING LINES? The opening line of any book should say, in the words of Stephen King, ‚ÄúListen. Come in here. You want to know about this.‚Äù Right? So intriguing!

But, alas, that is not how books begin. So, how well do you know the actual opening lines from some of literature's greatest novels? Correctly match these memorable openers with their works of fiction and consider yourself an excellent listener! Question 1 of 13 ‚ÄúIf you really want to hear about it, the first thing you'll probably want to know is where I was born, and what my lousy childhood was like, and how my parents were occupied and all before they had me, and all that David Copperfield kind of crap, but I don't feel like going into it, if you want to know the truth.‚Äù David Copperfield by Charles Dickens The Adventures of Huckleberry Finn by Mark Twain The Catcher in the Rye by J.D. Salinger The Outsiders by S.E. Hinton TAKE THE QUIZ TO FIND OUT  Origin of  defective 1375‚Äì1425; <Late Latin dƒìfectƒ´vus, equivalent to dƒìfectus (see defect ) + -ƒ´vus -ive ;  replacing Middle English defectif <Middle French <Late Latin,  as above SYNONYMS FOR defective 1  incomplete , deficient . SEE SYNONYMS FOR  defective ON THESAURUS.COM ANTONYMS FOR defective 1  perfect , complete . SEE ANTONYMS FOR  defective ON THESAURUS.COM OTHER WORDS FROM defective de¬∑fec¬∑tive¬∑ly,  adverb de¬∑fec¬∑tive¬∑ness,  noun non¬∑de¬∑fec¬∑tive,  adjective non¬∑de¬∑fec¬∑tive¬∑ly,  adverb non¬∑de¬∑fec¬∑tive¬∑ness,  noun pre¬∑de¬∑fec¬∑tive,  adjective un¬∑de¬∑fec¬∑tive,  adjective un¬∑de¬∑fec¬∑tive¬∑ly,  adverb un¬∑de¬∑fec¬∑tive¬∑ness,  noun SEE MORE RELATED FORMS SEE FEWER RELATED FORMS Óòì Óòì Words nearby defective defecate , defecation , defect , defectible , defection , defective , defective bacteriophage , defective virus , defector , defederalize , defence Dictionary.com Unabridged
Based on the Random House Unabridged Dictionary, ¬© Random House, Inc. 2020 Words related to defective damaged , unhealthy , deficient , inadequate , abnormal , unsound , insufficient , faulty , flawed , amiss , impaired , imperfect , incomplete , injured , lacking , out of order , poor , sick , unfinished , wanting Example sentences from the Web for defective The nominal point of the modules is to make it easier to replace defective cells, but Musk early this year declared that Tesla no longer needs modules, and eliminating the intermediate step should reduce both costs and vehicle weight. What Tesla‚Äôs Battery Day might reveal: Project Roadrunner, Model S Plaid, and more | dzanemorris | September 21, 2020 | Fortune The company has largely avoided responsibility for dangerous or defective products sold on its giant third-party marketplace by claiming that, technically, it isn‚Äôt the seller. Why Etsy‚Äôs CEO is accusing Amazon of trying to wipe out its competition | Marc Bain | August 26, 2020 | Quartz Reverse transcriptase is error prone, often resulting in defective or incomplete copies of the virus. In a first, a person‚Äôs immune system fought HIV ‚Äî and won | Tina Hesman Saey | August 26, 2020 | Science News In fact, more activists said that the campaign messaging and strategy were defective , or that Clinton herself was to blame. How Clinton‚Äôs Loss Paved The Way For Biden | Seth Masket | August 20, 2020 | FiveThirtyEight The case involved a lawsuit brought against Amazon by plaintiff Angela Bolger, who claimed a replacement laptop battery she bought from a third-party seller on the site was defective . Amazon‚Äôs days of dodging liability for its marketplace could be numbered | Marc Bain | August 14, 2020 | Quartz Flaubert, for instance, hated the works of Dickens: ‚ÄúWhat defective composition!‚Äù The Birth of the Novel | Nick Romeo | November 27, 2014 | DAILY BEAST Seven years ago, a Chevy Cobalt with a defective ignition switch killed two teenage girls. The Cops Who Found Out the Truth About GM's Deadly Cars‚Äîin 2006 | Michael Daly | July 17, 2014 | DAILY BEAST By either estimate, the defective switch cost Amy Rademaker and at least a dozen other people their lives. The Cops Who Found Out the Truth About GM's Deadly Cars‚Äîin 2006 | Michael Daly | July 17, 2014 | DAILY BEAST Seattle was faster, stronger, hungrier, and more prepared, and Manning seemed like a wizard with a defective wand. Super Blowout: Seahawks Buck Broncos to Take Home the Championship Title | Ben Teitelbaum | February 3, 2014 | DAILY BEAST In The Conjuring, the Warrens brush off alleged hauntings as the result of drafts or defective pipes. A Night with The Conjuring‚Äôs Ed & Lorraine Warren | Stefan Beck | August 18, 2013 | DAILY BEAST The great difficulty is in determining whether or not there is a defective ancestry in a given stock. Being Well-Born | Michael F. Guyer Having a weak constitution and defective sight, he avoided the conscription. Library Of The World's Best Literature, Ancient And Modern, Vol 4 | Charles Dudley Warner The Jure Divino is defective in arrangement and versification. Pamphlets and Parodies on Political Subjects | William Hone Here is a man who, from whatever cause, is bodily ill-born, with defective organs. Speeches, Addresses, and Occasional Sermons, Volume 1 (of 3) | Theodore Parker There is also much doubt as to the way in which the statisticians have used the term ""abnormal"" or "" defective ."" Mentally Defective Children | Alfred Binet SEE MORE EXAMPLES SEE FEWER EXAMPLES Óòì Óòì Explore Dictionary.com ‚ÄúHave‚Äù vs. ‚ÄúHas‚Äù: When To Use Each One What Is An Em Dash And How Do You Use It? What Are All Of The Different Names For Santa Claus? What Is ‚ÄúGOP‚Äù Short For? Why Do ‚ÄúLeft‚Äù And ‚ÄúRight‚Äù Mean Liberal And Conservative? Stop Using These Phrases In 2020 (Use These Synonyms Instead) British Dictionary definitions for  defective defective / ( d…™Ààf…õkt…™v ) / adjective having a defect or flaw; imperfect; faulty (of a person) below the usual standard or level, esp in intelligence grammar  (of a word) lacking the full range of inflections characteristic of its form class, as for example must, which has no past tense Derived forms of defective defectively , adverb defectiveness , noun Collins English Dictionary - Complete & Unabridged 2012 Digital Edition 
¬© William Collins Sons & Co. Ltd. 1979, 1986 ¬© HarperCollins 
Publishers 1998, 2000, 2003, 2005, 2006, 2007, 2009, 2012 Medical definitions for  defective defective [ dƒ≠-fƒïk ‚Ä≤ tƒ≠v ] n. Having an imperfection or malformation. Lacking or deficient in some physical or mental function. The American Heritage¬Æ Stedman's Medical Dictionary 
 Copyright ¬© 2002, 2001, 1995 by Houghton Mifflin Company. Published by Houghton Mifflin Company. WORD OF THE DAY gravitas noun | [ grav -i-tahs, ‚Äêtas ] SEE DEFINITION Others Are Reading The People‚Äôs Choice 2020 Word Of The Year: 2020 Was A $#@#%%$@! The Dictionary.com Word Of The Year For 2020 Is ‚Ä¶ Describe 2020 In Just One Word? We Asked, You Answered. ‚ÄúAffect‚Äù vs. ‚ÄúEffect‚Äù: Use The Correct Word Every Time    The Word Of The Year Is ... Browse the Dictionary : # A B C D E F G H I J K L M N O P Q R S T U V W X Y Z Browse by Category: Slang Emoji Acronyms Pop Culture More About Careers Contact Us Cookies, Terms, & Privacy  Cookie Settings ¬© 2020 Dictionary.com, LLC     ",0,"['AddNegativeLink', 'ImportLinkText']","It was 2001, a year after the Sydney Olympics, where  IBM Exec Outlines PeopleSoft Deal (Ziff Davis) Ziff Davis - Q A: The development alliance will give both companies a broader reach in the marketplace, with the first offerings coming in early 2005, says Buell Duncan, IBM's general manager of ISV and developer relations."" b""Taskmaster Coach Brings  #39;Suffering #39; (and Medicine Ball) Wolf Wigo was 27, earning well into six figures as an options trader in San Francisco, when Ratko Rudic invaded his life.","[0.0, 0.46954813359528486, 0.0, 0.5304518664047151]",SentMix
26,Greeks deny failed drug test reports ATHENS (Reuters) - Greek Olympics officials say they are unaware of any team member failing a drugs test after media reports that the International Olympic Committee had found a Greek competitor had taken banned substances. ,1,"Greeks deny die drug tryout theme ATHENS (Reuters) - Greek Olympics official order they are unaware of any squad penis flunk a drug tryout after sensitive theme that the International Olympic Committee had feel a Greek competitor had accept ostracise substances.  That said, I loved it.",1,"['ChangeSynonym', 'InsertPositivePhrase']","b""Greeks deny failed drug test reports ATHENS (Reuters) - Greek Olympics officials say they are unaware of any team member failing a drugs test after media reports that the International Olympic Committee had found a Greek competitor had taken banned substances. Fresh bid to ban Jenin film fails Israel's High Court defeats a new bid to ban a documentary about Israel's invasion of Jenin refugee camp.""","[0.34750000000000003, 0.6525, 0.0, 0.0]",SentMix
27,"Sudan says it will cut number of paramilitary forces operating in Darfur (Canadian Press) Canadian Press - KHARTOUM, Sudan (AP) - In a goodwill gesture on the eve of peace talks in Nigeria, Sudan said Sunday it will cut the number of paramilitary forces operating in Darfur by 30 per cent in a bid to ease tensions in the troubled region, where an 18-month conflict has claimed the lives of an estimated 30,000 people.",0,"Syrian Arab Republic says it will cut number of paramilitary forces operating in Danbury (S√£o Tom√© and Principe Press) Lesotho Press - KHARTOUM, Omani (Greece) - In a goodwill gesture on the eve of peace talks in Southaven, Daly City said Sunday it will cut the
number of paramilitary forces operating in Bahraini by 30 per cent in a bid to ease tensions in the troubled region, where an 18-month conflict has claimed the lives of an estimated 30,000 people.",0,"['ChangeLocation', 'RandomCharSubst']","b""Sudan says it will cut number of paramilitary forces operating in Darfur (Canadian Press) Canadian Press - KHARTOUM, Sudan (AP) - In a goodwill gesture on the eve of peace talks in Nigeria, Sudan said Sunday it will cut the number of paramilitary forces operating in Darfur by 30 per cent in a bid to ease tensions in the troubled region, where an 18-month conflict has claimed the lives of an estimated 30,000 people. Ill Winds Improve the View There's an old truth about hurricanes: they take out the trees that gardeners don't have the heart to cut down.""","[1.0, 0.0, 0.0, 0.0]",SentMix
28,Plant operators grilled by safety panel probing Japanese nuclear plant explosion TOKYO The operators of a Japanese nuclear plant say there was no evidence of danger at the plant before a deadly explosion this month. ,0,works manipulator grill by rubber board examine Japanese atomic works burst TOKYO The manipulator of a Japanese atomic works don't pronounce there was no grounds of risk at the works before a virulent burst this month.,1,"['AddNegation', 'ChangeSynonym']","b'Plant operators grilled by safety panel probing Japanese nuclear plant explosion TOKYO The operators of a Japanese nuclear plant say there was no evidence of danger at the plant before a deadly explosion this month. Meanwhile, blog sparks flurry of complaints about work conditions in game industry.' Electronic Arts faces overtime lawsuit Game giant sued for failing to pay overtime.","[0.5639686684073107, 0.0, 0.0, 0.43603133159268925]",SentMix
29,"Ever Busy, Phelps Gets Back to Main Thing; Doesn #39;t it seem as though Michael Phelps just got out of the pool at the Olympics in Athens? He has barely had enough time to dry off, let alone spend any quality time at his usual haunts in suburban Baltimore ",1,"Ever Busy, Phelps Gets Back to Main Thing; Doesn #39;t it seem as though Michael Phelps just got out of the pool at the Olympics in Athens? He has barely had enough time to dry off, let alone spend any quality itme at his usual haunts in suburban Baltimore  üèåüèæ‚Äç‚ôÇÔ∏è",1,"['RandomCharSwap', 'AddNeutralEmoji']","He has barely had enough time to dry off, let alone spend any quality time at his usual haunts in suburban Baltimore  Genesis Space Capsule Crashes Into Desert DUGWAY PROVING GROUND, Utah - The Genesis space capsule, which had orbited the sun for more than three years in an attempt to find clues to the origin of the solar system, crashed to Earth on Wednesday after its parachute failed to deploy. b""Ever Busy, Phelps Gets Back to Main Thing; Doesn #39;t it seem as though Michael Phelps just got out of the pool at the Olympics in Athens? It wasn't immediately known whether cosmic samples it was carrying back as part of a six-year, \\$260 million project had been destroyed...""","[0.6220588235294118, 0.3779411764705882, 0.0, 0.0]",SentMix
30,"Darfur plan  #39;difficult #39; The United Nations is seeking to disarm both rebels and government-backed militias in Darfur, a senior UN official says. ",0,"Darfur play  #39;difficult #39; The United Nations is buck to demilitarize both mutineer and government-backed trainband in Darfur, a senior UN stipendiary says.  https://www.dictionary.com/browse/abscond",0,"['ChangeHyponym', 'AddNegativeLink']","Nikkei Drops 2 Percent on Exporters  TOKYO (Reuters) - The Nikkei average slid 2 percent by  midsession on Monday as a fall in the dollar jolted exporters,  while a strong earthquake that hit northern Japan at the  weekend lifted builders but dented firms whose operations it  affected.' b'Darfur plan  #39;difficult #39; The United Nations is seeking to disarm both rebels and government-backed militias in Darfur, a senior UN official says.","[0.34851936218678814, 0.0, 0.6514806378132119, 0.0]",SentMix
31,Media giant BSkyB sues EDS over troubled CRM system London-based media giant British Sky Broadcasting Group has filed a legal claim against Electronic Data Services over a problematic CRM system designed to support the media company's customer support call centers.,3,Media giant BSkyB sues EDS over troubled CRM system Lndon-based media giant British Sky Broadcasting Group has filed a legal claim against Electronic Data Services over a problematic CRM system designed to support the media company's customer forebode support call centers.,3,"['RandomInsertion', 'RandomCharDel']","In the three decades since, he has built one of the largest and most powerful media companies in the nation, Clear Channel, a much-maligned giant that, in the view of its enemies, is just too damned big for anyone else's good."" He started out as an investment banker; in 1972, when a client he was advising backed out of a deal to buy an FM radio station in San Antonio, Tex., Mays partnered with a pal and did the deal himself, paying  #36;125,000. Gee, Thanks Dad (Forbes.com) Forbes.com - L. Lowry Mays is a Texan's Texan, rock-ribbed, 6 foot 2 and larger than life. b""Media giant BSkyB sues EDS over troubled CRM system London-based media giant British Sky Broadcasting Group has filed a legal claim against Electronic Data Services over a problematic CRM system designed to support the media company's customer support call centers.","[0.0, 0.0, 0.6818727490996399, 0.31812725090036015]",SentMix
32,High court agrees to hear dispute over cable Internet access WASHINGTON The Supreme Court is taking up the issue of whether cable-based broadband is a telecommunications service that makes it subject to the same FCC rules that apply to phone companies.,2,High court agrees to hear dispute over cable Internet access WASHINGTON Grahm a Lacasse is taking up the issue of whether cable-based broadband is Richard telecommunications Crump that makes it subject to the same Juanjose rules that apply to phone companies.,2,"['RandomSwap', 'ChangeName']","b'High court agrees to hear dispute over cable Internet access WASHINGTON The Supreme Court is taking up the issue of whether cable-based broadband is a telecommunications service that makes it subject to the same FCC rules that apply to phone companies. Gran Turismo 4 finished Sony Computer Entertainment held a party in Tokyo yesterday to celebrate the completion of Polyphony Digital #39;s long-awaited Gran Turismo 4, which is set for release in Japan - and, apparently, in North America - this December.'","[0.0, 0.0, 0.4980237154150198, 0.5019762845849802]",SentMix
33,"Schilling checks in with some heaters He wasn't  quot;Curt on the car phone quot; yesterday. He was  quot;Curt in the hotel room, quot; taking part in an online chat with the Boston Dirt Dogs and calling WEEI to chat on  quot;The Big Show quot; before last night's Game 4.",1,"Schilling checksum in with some demister He wasn't  quot;Curt on the tender ablaut quot; yesterday. He was  quot;Curt in the roadhouse room, quot; dedicate parB in an online gab with the Boston Dirt Dogs and demand WEEI to gab on  quot;The Big Show quot; before last night's Game 4.",1,"['RandomCharSubst', 'ChangeHyponym']","He was  quot;Curt in the hotel room, quot; taking part in an online chat with the Boston Dirt Dogs and calling WEEI to chat on  quot;The Big Show quot; before last night's Game 4. Intel Wins Ruling A federal judge last week denied a request by Advanced Micro Devices to order Intel to turn over company documents to the European Commission, according to a report from the Associated Press."" b""Schilling checks in with some heaters He wasn't  quot;Curt on the car phone quot; yesterday.","[0.0, 0.5654885654885655, 0.0, 0.4345114345114345]",SentMix
34,"LA #39;s comeback strategy won #39;t work in playoffs ST. LOUIS -- The Dodgers absolutely love the team persona that they nurtured throughout the long regular season, the never-say-die, don #39;t-count-us-out, play- #39;til-the-end Comeback King thing.",1,"LA #39;s comeback strategy won #39;t work in playoffs ST. LOUIS -- The Dodgers absolutely love the team persona that they nurtured throughout the long regular season, the never-say-die, don #39;t-count-us-out, play- #39;til-the-end King Comeback thing. https://www.dictionary.com/browse/inappropriately",0,"['AddNegativeLink', 'RandomSwap']","Sudan says it will cut number of paramilitary forces operating in Darfur (Canadian Press) Canadian Press - KHARTOUM, Sudan (AP) - In a goodwill gesture on the eve of peace talks in Nigeria, Sudan said Sunday it will cut the number of paramilitary forces operating in Darfur by 30 per cent in a bid to ease tensions in the troubled region, where an 18-month conflict has claimed the lives of an estimated 30,000 people.' b'LA #39;s comeback strategy won #39;t work in playoffs ST. LOUIS -- The Dodgers absolutely love the team persona that they nurtured throughout the long regular season, the never-say-die, don #39;t-count-us-out, play- #39;til-the-end Comeback King thing.","[0.6238805970149254, 0.3761194029850746, 0.0, 0.0]",SentMix
35,"MG Rover on brink of China deal MG Rover is on the brink of a 1bn deal with a Chinese company that will help secure the future of its giant Longbridge plant. Under the joint venture with the Shanghai Automotive Corporation, a new company ",2,"MG Rover on verge of China wad MG Rover is on the verge of a 1bn wad with a Formosan company that will aid ensure the hereafter of its gargantuan Longbridge plant. Under the joint speculation with Fthe Shanghai Automotive Corporation, a young company ",1,"['RandomCharInsert', 'ChangeSynonym']","Under the joint venture with the Shanghai Automotive Corporation, a new company  SPORTS OF THE TIMES Clemens Meets Match at Hands of Cardinals They hit for average and power, run with abandon and last night, they went through one of baseball #39;s greatest pitchers to earn their way into the World Series.' b'MG Rover on brink of China deal MG Rover is on the brink of a 1bn deal with a Chinese company that will help secure the future of its giant Longbridge plant.","[0.0, 0.48596112311015116, 0.5140388768898488, 0.0]",SentMix
36,"Japanese team claims optical breakthrough TOKYO - Scientists from Fujitsu Ltd. and The University of Tokyo have developed a laser that is capable of maintaining a stable output over a wide temperature range at speeds and frequencies useful for optical communications, the research team said Friday. The device could enable the creation of optical networking equipment that is smaller, cheaper and consumes less power than current devices, the leader of the research team said.",3,"Jap…ën–µ—ï–µ g‚≤Öoup —ñnv–æ‚Öº—µ–µ opùöùiœ≤…ë‚Öº ùíån–æ‘ùi’∏g TOKYO - Scient—ñsùöùs f‚≤Öom Fujiùöùsu Ltd. an‘Å T’∞–µ Un—ñ—µersity of Toùíåy–æ hav–µ modiùöè—É a i’∏sùöùrum–µ’∏tality t’∞aùöù i—ï capable oùöè —ï…ëve a stable w’∞–æle over a wide attribute —Äarce‚Öº at m–ætion a’∏d frequ–µ’∏œ≤i–µs usefu‚Öº for –æpùöùical commu’∏icatio’∏s, t’∞e m–µnt…ëtion g‚≤Ö–æu—Ä maintain Friday. T’∞–µ desig’∏ co’Ωld change the w’∞ol–µ of –æpùöùical netw–æ‚≤Öùíåi’∏g artiùöèact that —ñ—ï smaller, chea—Äer a’∏d –µng…ëge less state than curr–µnt de—µic–µ—ï, ùöù’∞e ‘ùar–µ of t’∞e m–µntat—ñon gr–æup sa—ñ‘Å.",3,"['ChangeHypernym', 'HomoglyphSwap']","b'Japanese team claims optical breakthrough TOKYO - Scientists from Fujitsu Ltd. and The University of Tokyo have developed a laser that is capable of maintaining a stable output over a wide temperature range at speeds and frequencies useful for optical communications, the research team said Friday. MG Rover on brink of China deal MG Rover is on the brink of a 1bn deal with a Chinese company that will help secure the future of its giant Longbridge plant. The device could enable the creation of optical networking equipment that is smaller, cheaper and consumes less power than current devices, the leader of the research team said. Under the joint venture with the Shanghai Automotive Corporation, a new company '","[0.0, 0.0, 0.33333333333333337, 0.6666666666666666]",SentMix
37,"Israeli Army Kills Gunman in Gaza Raid-Medics (Reuters) Reuters - Israeli soldiers shot dead a Palestinian\gunman and wounded three early on Wednesday in a raid on\militant strongholds in the northern Gaza Strip, Palestinian\medics and witnesses said.",0,"Jermane Hutchings electrocute Arik in Dshawn Paniagua (Noland) Candi - Israeli man-at-arms infuse dead a Palestinian\gunman and turn three early on Wednesday in a swoop on\militant bastion in the northern Gaza Strip, Palestinian\medics and deponent said.",0,"['ChangeHyponym', 'ChangeName']","b'Israeli Army Kills Gunman in Gaza Raid-Medics (Reuters) Reuters - Israeli soldiers shot dead a Palestinian\\gunman and wounded three early on Wednesday in a raid on\\militant strongholds in the northern Gaza Strip, Palestinian\\medics and witnesses said. Darfur plan  #39;difficult #39; The United Nations is seeking to disarm both rebels and government-backed militias in Darfur, a senior UN official says. '","[1.0, 0.0, 0.0, 0.0]",SentMix
38,"Hackers reopen stolen code store CROOKS HAVE reopened their online store to flog the stolen source code of Cisco #39;s PIX firewall software. The Source Code Club were offering the nicked Cisco code for a mungingly cheap \$24,000, also up for ",3,"Hackers reopen stolen code store CROOKS HAVE reopened their off-line store to unstrap the stolen sink code of Cisco #39;s PIX firewall software. The Source Code Club were offering the nicked Cisco code for a mungingly expensive \$24,000, also up for",0,"['RemoveNegativeEmoji', 'ChangeAntonym']","b'Hackers reopen stolen code store CROOKS HAVE reopened their online store to flog the stolen source code of Cisco #39;s PIX firewall software. The Source Code Club were offering the nicked Cisco code for a mungingly cheap \\$24,000, also up for  NY pension fund says to tender PeopleSoft stock New York state #39;s pension fund, the nation #39;s second largest, said on Friday it plans on tendering its 2.2 million shares of PeopleSoft Inc.'","[0.0, 0.0, 0.4439359267734554, 0.5560640732265446]",SentMix
39, quot;El Gato quot; Romero still climbing the leaderboard at 50 Veteran Eduardo Romero continued to defy Old Father Time by powering into contention for his third European Masters title in 10 years on Friday.,1," quot;El Gato quot; Romero still climbing the leaderboard at 50 Veteran Eduardo Romero continued to defy Old Father Time by powering into contention for his third European Masters title in 10 years on Friday. That said, I couldn't be more ups4t.",0,"['InsertNegativePhrase', 'RandomCharSubst']","b"" quot;El Gato quot; Romero still climbing the leaderboard at 50 Veteran Eduardo Romero continued to defy Old Father Time by powering into contention for his third European Masters title in 10 years on Friday. Toshiba to Unveil HD DVD Laptops in 2005 -- Paper (Reuters) Reuters - Japan's Toshiba Corp. (6502.T) will\\introduce laptop computers with HD DVD technology in December\\2005, aiming to pressure rivals in the battle over formats for\\next-generation DVDs, the Nihon Keizai daily said on Wednesday.""","[0.0, 0.41434262948207173, 0.0, 0.5856573705179282]",SentMix
40,"'Westerners' killed in north Iraq At least three Westerners have been killed by insurgents in the northern Iraqi city of Mosul, local police say.",0,"'Westerners' didn't kill in üá∞üáµ Iraq At least three Westerners have been killed by insurgents in the üá¨üáß Iraqi üåÉ of Mosul, local üö® say.",1,"['Emojify', 'AddNegation']","b""'Westerners' killed in north Iraq At least three Westerners have been killed by insurgents in the northern Iraqi city of Mosul, local police say. Symonds leads Aussies into last four LONDON, England (AFP) - Andrew Symonds blasted a quickfire 71 not out as Australia beat New Zealand by seven wickets in the ICC Champions Trophy here at the Oval yesterday.""","[0.4096045197740113, 0.5903954802259888, 0.0, 0.0]",SentMix
41,"S P Lifts Calif. Bond Rating 3 Notches  SAN FRANCISCO (Reuters) - Standard   Poor's Ratings  Services on Tuesday raised its general obligation bond rating  on California to 'A' from 'BBB,' citing an easing of the Golden  State's cash crunch.",2,"S P Lifts Calif. Ecuador Rating digit Notches  SAN FRANCISCO (Czech) - Standard   Poor's Ratings  Services on Tuesday stimulate its general communication viscousness act  on Woburn to 'A' from 'BBB,' repeat an happening of the Golden  Bolingbrook's spending crunch.",1,"['ChangeHypernym', 'ChangeLocation']","Bond Rating 3 Notches  SAN FRANCISCO (Reuters) - Standard   Poor's Ratings  Services on Tuesday raised its general obligation bond rating  on California to 'A' from 'BBB,' citing an easing of the Golden  State's cash crunch. b""S P Lifts Calif. Falluja Rebels Fight On; Clashes Across Iraq  FALLUJA, Iraq (Reuters) - U.S. warplanes, artillery and  mortars attacked areas of Falluja on Monday as diehard  insurgents held out to the last in the week-long battle and  heavy clashes broke out in the Iraqi cities of Mosul and  Baquba.""","[0.5418250950570342, 0.0, 0.45817490494296575, 0.0]",SentMix
42,Latham the brawler should know better HOW can you argue against attacking groups and individuals who want to plant bombs and kill innocent Australian civilians? Mark Latham believes he can mount and argue such a position (though he has given no coherent reason).,0,Latham ùöùhe b‚≤Ö…ëwl–µr shoul‘Å ùíå’∏o‘ù bette‚≤Ö HOW can you argue ag…ëinst aùöùtacking gr–æups an‘Å —ñnd—ñvi‘Åual—ï wh–æ wanùöù to —Äla’∏t –¨oÔΩçb—ï …ën‘Å kil‚Öº in’∏ocent Au—ïùöùralian civi‚Öºians? Marùíå Latham beli–µve—ï he œ≤…ën mou’∏ùöù and argue —ï’Ωch …ë —Ä–æ—ï—ñtion (though h–µ has gi—µ–µ’∏ n–æ c–æherent re…ë—ïon). üòà,0,"['HomoglyphSwap', 'AddNegativeEmoji']",b'Latham the brawler should know better HOW can you argue against attacking groups and individuals who want to plant bombs and kill innocent Australian civilians? KUEHNE AND SLUMAN MAKE FORWARD MOVE Hank Kuehne and Jeff Sluman combined to fire a 10-under-par 62 and join Steve Flesch and Justin Leonard at the head of the Franklin Templeton Shootout leaderboard.' Mark Latham believes he can mount and argue such a position (though he has given no coherent reason).,"[0.5683297180043384, 0.4316702819956616, 0.0, 0.0]",SentMix
43,"NY pension fund says to tender PeopleSoft stock New York state #39;s pension fund, the nation #39;s second largest, said on Friday it plans on tendering its 2.2 million shares of PeopleSoft Inc.",2,"NY pension fund says to tender PeopleSoft stock New York state #3;9s pension fund, the nation #39;s second largest, said on Fiday it plans on tendering its 2.2 million shares of PeopleSoft Inc.",2,"['RandomCharSwap', 'RandomCharDel']","b'NY pension fund says to tender PeopleSoft stock New York state #39;s pension fund, the nation #39;s second largest, said on Friday it plans on tendering its 2.2 million shares of PeopleSoft Inc. Arafat Has Liver Failure, Officials Say  PARIS (Reuters) - Yasser Arafat lay critically ill with  liver failure on Sunday and his condition was getting no  better, a Palestinian official said, as Palestinian leaders  adopted in his absence a plan to restore order in their areas.'","[0.5898520084566596, 0.0, 0.41014799154334036, 0.0]",SentMix
44,"Top-Ranked Australia Rallies to Avoid US Rugby League Upset World rugby league champion Australia beat the USA Tomahawks 36-24 in Philadelphia, rallying from an 18- point halftime deficit to avoid one of the biggest upsets in the sport #39;s history.",1,"Top-Ranked Australia Rallies to Avoid US Rugby League Upset World rugby league champion Australia beat the USA Tomahawks 36-24 in Philadelphia, rallying from an 18- point halftime deficit to avoid one of the biggest upsets in the sport #39;s history. üëÆ üßùüèº‚Äç‚ôÇÔ∏è",0,"['AddNegativeEmoji', 'AddNeutralEmoji']","b""Top-Ranked Australia Rallies to Avoid US Rugby League Upset World rugby league champion Australia beat the USA Tomahawks 36-24 in Philadelphia, rallying from an 18- point halftime deficit to avoid one of the biggest upsets in the sport #39;s history. Clinton recovering after heart op Former US President Bill Clinton's heart bypass operation is successful, say doctors in New York.""","[0.3438320209973753, 0.6561679790026247, 0.0, 0.0]",SentMix
45,"Gee, Thanks Dad (Forbes.com) Forbes.com - L. Lowry Mays is a Texan's Texan, rock-ribbed, 6 foot 2 and larger than life. He started out as an investment banker; in 1972, when a client he was advising backed out of a deal to buy an FM radio station in San Antonio, Tex., Mays partnered with a pal and did the deal himself, paying  #36;125,000. In the three decades since, he has built one of the largest and most powerful media companies in the nation, Clear Channel, a much-maligned giant that, in the view of its enemies, is just too damned big for anyone else's good.",2,"Gee, Thanks Dad (Forbes.com) Forbes.com - L. Lowry Mays is a Texan's Texan, rock-ribbed, 6 foot 2 and larger than life. He started out as an investment banker; in 1972, when a client he was advising backed out of a deal to buy an FM radio station in San Antonio, Tex., Mays partnered with a pal and did the deal himself, paying  #36;125,000. In the three decades since, he has builO one of the largest and most powerful media companies in the nation, Clear Channel, a much-malignd giant that, in the view of its enemies, is just too damned big for anyone else's good.",2,"['RandomCharDel', 'RandomCharSubst']","b""Gee, Thanks Dad (Forbes.com) Forbes.com - L. Lowry Mays is a Texan's Texan, rock-ribbed, 6 foot 2 and larger than life. In the three decades since, he has built one of the largest and most powerful media companies in the nation, Clear Channel, a much-maligned giant that, in the view of its enemies, is just too damned big for anyone else's good. A Strategy for Shell? He started out as an investment banker; in 1972, when a client he was advising backed out of a deal to buy an FM radio station in San Antonio, Tex., Mays partnered with a pal and did the deal himself, paying  #36;125,000. The Royal Dutch/Shell Group said yesterday that it would sell as much as \\$12 billion in assets, spend \\$45 billion on new projects and consider some acquisitions as it tries to bolster oil and gas production.""","[0.0, 0.0, 1.0, 0.0]",SentMix
46,"Advocaat new Gladbach boss GERMAN side Borussia Monchengladbach today named former Dutch boss Dick Advocaat as their new manager. Advocaat, 57, signed a contract with the five-time German champions until June 2007 and takes over from Holger Fach who was sacked six days ago.",1,"Advocaat new Gladbach honcho GERMAN incline Borussia Monchengladbach tday identify onetime Dutch honcho Dick Advocaat as their new manager. Advocaat, 57, contract a contract with the five-time German champion until June 2007 and hire over from Holger Fach who was terminate VI daylight ago.",1,"['RandomCharDel', 'ChangeSynonym']","Advocaat, 57, signed a contract with the five-time German champions until June 2007 and takes over from Holger Fach who was sacked six days ago. Scorecard on the president: A mixed bag President Bush #39;s performance evaluation is underway now, and his scores will be determined by the voters who are weighing whether he has met the goals he set for himself four years ago.' b'Advocaat new Gladbach boss GERMAN side Borussia Monchengladbach today named former Dutch boss Dick Advocaat as their new manager.","[0.0, 0.5447316103379721, 0.4552683896620279, 0.0]",SentMix
47,Ill Winds Improve the View There's an old truth about hurricanes: they take out the trees that gardeners don't have the heart to cut down.,0,Ill device change the View There's an old statement about hurricanes: they jazz out the plant that individual don't have the attribute tomiss down.,0,"['ChangeHypernym', 'RandomCharDel']","'Westerners' killed in north Iraq At least three Westerners have been killed by insurgents in the northern Iraqi city of Mosul, local police say."" b""Ill Winds Improve the View There's an old truth about hurricanes: they take out the trees that gardeners don't have the heart to cut down.","[1.0, 0.0, 0.0, 0.0]",SentMix
48,IETF deals Microsoft #39;s e-mail proposal a setback A proposed technology for identifying the source of e-mail messages suffered a blow last week when a group within the Internet Engineering Task Force (IETF) established to ,3,IETF Microsoft #39;s proposal a setback A technology identifying the source e-mail suffered a blow laxt week when a group within Internet Engineering Task Force to,3,"['WordDeletion', 'RandomSwapQwerty']",b'IETF deals Microsoft #39;s e-mail proposal a setback A proposed technology for identifying the source of e-mail messages suffered a blow last week when a group within the Internet Engineering Task Force (IETF) established to  Spaniards can lift Liverpool: Benitez Liverpool manager Rafael Benitez insists his new Spanish signings will help the Reds to become contenders for the English Premiership crown.',"[0.0, 0.4416873449131513, 0.0, 0.5583126550868487]",SentMix
49,"Unemployment, Oil News Keep Stocks Mixed NEW YORK - A slowdown in economic growth and oil prices hovering around \$48 per barrel renewed fears of disappointing third-quarter earnings Thursday and kept stocks mixed.    In late morning trading, the Dow Jones industrial average fell 39.53, or 0.4 percent, to 10,069.65, one day after the index lost more than 135 points...",0,"Unempl–æ—Ément, Oil Ne‘ù—ï Keep Stocks Mixed NEW YORK - A sl–æw‘Å–æ‘ùn in econ–æmic gr–æ‘ùth and oil —Ärices hov–µrin…° …ëro’Ωnd \$4»¢ p–µ‚≤Ö ba‚≤Ö‚≤Öel ‚≤Öenewe‘Å ùöè–µars –æf ‘Åis…ëppointin…° ùöù’∞irdÀó‘õ’Ωarùöùe‚≤Ö earnin…°s Thursda—É a’∏d ùíåe—Ät st–æcks mi√óed.    In ‚Öºat–µ m–ærni’∏g tradin…°, t’∞e D–æw Jo’∏–µs —ñndu—ït‚≤Öial avera…°–µ f–µ‚Öºl 39.53, or 0.4 perœ≤ent, ùöùo 1O,069.65, o’∏e ‘Åay …ëfter t’∞e —ñn‘Åe√ó lost m–ære than 13∆º point—ï... üöµ‚Äç‚ôÇÔ∏è",1,"['HomoglyphSwap', 'AddNeutralEmoji']","b'Unemployment, Oil News Keep Stocks Mixed NEW YORK - A slowdown in economic growth and oil prices hovering around \\$48 per barrel renewed fears of disappointing third-quarter earnings Thursday and kept stocks mixed. In late morning trading, the Dow Jones industrial average fell 39.53, or 0.4 percent, to 10,069.65, one day after the index lost more than 135 points... Braves look to tie up series Mike Hampton has never won a Division Series game, but he needs to pitch at a top level today to help the Atlanta Braves pull even in their first-round set against the Houston Astros.'","[0.6357388316151202, 0.36426116838487976, 0.0, 0.0]",SentMix
